bubble_id,attach_start_frame,last_attached_frame,detach_frame,note,k,fit_kind,conf_dep_last_attached_pct,conf_dep_first_detached_pct,conf_dep_mean_pct,D_area_px_discr,D_area_px_interp,D_area_mm_discr,D_area_mm_interp,D_feret_max_px_discr,D_feret_max_px_interp,D_feret_max_mm_discr,D_feret_max_mm_interp,D_feret_min_px_discr,D_feret_min_px_interp,D_feret_min_mm_discr,D_feret_min_mm_interp,D_ell_maj_px_discr,D_ell_maj_px_interp,D_ell_maj_mm_discr,D_ell_maj_mm_interp,D_ell_min_px_discr,D_ell_min_px_interp,D_ell_min_mm_discr,D_ell_min_mm_interp,D_perim_px_discr,D_perim_px_interp,D_perim_mm_discr,D_perim_mm_interp,D_mix_px_discr,D_mix_px_interp,D_mix_mm_discr,D_mix_mm_interp
0,,,,no_attached_run,3,linear,nan,nan,nan,nan,nan,nan,nan,nan,nan,nan,nan,nan,nan,nan,nan,nan,nan,nan,nan,nan,nan,nan,nan,nan,nan,nan,nan,nan,nan,nan,nan
1,56,56,57,ok,3,linear,99.82852339744568,99.73303079605104,99.78077709674835,125.64085273360153,125.43016069308501,2.9932941500920283,2.9882745785225304,154.0,150.66666666666663,3.6689284502992767,3.5895144145785123,101.0,101.33333333333334,2.4062452823391363,2.4141866859112127,155.38882446289062,153.64074707031244,3.702016096951037,3.660369532801978,101.79781341552734,102.3632787068685,2.425252557262894,2.4387243215165197,136.9792613626639,136.25032565151778,3.26342278645752,3.2460564684765907,131.3100570481327,130.84024317230137,3.128358468274774,3.1171655234995597
2,,,,no_attached_run,3,linear,nan,nan,nan,nan,nan,nan,nan,nan,nan,nan,nan,nan,nan,nan,nan,nan,nan,nan,nan,nan,nan,nan,nan,nan,nan,nan,nan,nan,nan,nan,nan
3,,,,no_attached_run,3,linear,nan,nan,nan,nan,nan,nan,nan,nan,nan,nan,nan,nan,nan,nan,nan,nan,nan,nan,nan,nan,nan,nan,nan,nan,nan,nan,nan,nan,nan,nan,nan
4,,,,no_attached_run,3,linear,nan,nan,nan,nan,nan,nan,nan,nan,nan,nan,nan,nan,nan,nan,nan,nan,nan,nan,nan,nan,nan,nan,nan,nan,nan,nan,nan,nan,nan,nan,nan
5,,,,no_attached_run,3,linear,nan,nan,nan,nan,nan,nan,nan,nan,nan,nan,nan,nan,nan,nan,nan,nan,nan,nan,nan,nan,nan,nan,nan,nan,nan,nan,nan,nan,nan,nan,nan
6,2,21,,no_detach_found,3,linear,73.34023118019104,nan,73.34023118019104,75.21305270535379,63.868529727963306,1.7918916162631917,1.5216173103747384,93.0,61.99999999999998,2.2156515966093036,1.477101064406202,61.0,61.333333333333314,1.4532768536899734,1.4612182572620493,99.90383911132812,68.05685424804686,2.3801301143485287,1.621400836289158,57.790958404541016,60.26520665486651,1.3768239705226146,1.4357709822026303,86.92898253140622,68.16248660317866,2.0710143971756176,1.6239174437762696,81.07101761838001,66.01550816557096,1.931453006719405,1.5727673770755035
7,,,,no_attached_run,3,linear,nan,nan,nan,nan,nan,nan,nan,nan,nan,nan,nan,nan,nan,nan,nan,nan,nan,nan,nan,nan,nan,nan,nan,nan,nan,nan,nan,nan,nan,nan,nan
8,2,12,13,ok,3,linear,83.56382250785828,57.719409465789795,70.64161598682404,88.33846936460814,88.33806810775982,2.104594308491571,2.104584748863865,92.0,91.66666666666664,2.1918273858930744,2.1838859823209975,85.0,85.33333333333331,2.025057910879471,2.032999314451547,91.57344818115234,90.95963795979817,2.1816651254794572,2.1670415814261403,85.39988708496094,85.87001291910806,2.034584905054279,2.045785281990143,94.03553750974619,94.34630687973477,2.240322460446056,2.2477262954008137,91.18700343717717,91.3421874937473,2.1724583844688135,2.1761555221323396
9,,,,no_attached_run,3,linear,nan,nan,nan,nan,nan,nan,nan,nan,nan,nan,nan,nan,nan,nan,nan,nan,nan,nan,nan,nan,nan,nan,nan,nan,nan,nan,nan,nan,nan,nan,nan
10,2,5,,no_detach_found,3,linear,70.15398740768433,nan,70.15398740768433,49.314171699869,52.51708067213944,1.1748712178739795,1.251177996134251,56.0,64.00000000000001,1.334155800108828,1.524749485838661,41.0,40.0,0.976792639365392,0.9529684286491629,57.18478775024414,65.36611684163412,1.3623824331246515,1.5572961413367412,42.77969741821289,42.52065277099609,1.0191925256680248,1.0130209914078203,53.17488330797017,56.724658573373496,1.2668496247399732,1.3514202186582,51.244527503919585,54.62086962275646,1.2208604213069763,1.3012991073962255
11,2,20,20,ok,3,linear,71.43917083740234,71.43917083740234,71.43917083740234,124.36765652468794,133.24649146460533,2.962961255327767,3.1744924898509757,136.77809143066406,138.36196486394206,3.2586300716077865,3.2963646060300387,112.88162231445312,129.50178034502758,2.689315556009317,3.0852777030667493,135.86834716796875,143.80351693289617,3.236956132595453,3.4260052891441335,115.56961059570312,126.50783831374089,2.753354755224571,3.0139493972412006,136.31064978107938,145.31545918227235,3.247493643250539,3.462026119884041,130.33915315288365,139.28097532343878,3.1052274492891527,3.318259304867507
12,,,,no_attached_run,3,linear,nan,nan,nan,nan,nan,nan,nan,nan,nan,nan,nan,nan,nan,nan,nan,nan,nan,nan,nan,nan,nan,nan,nan,nan,nan,nan,nan,nan,nan,nan,nan
13,10,11,16,ok,3,linear,72.8452980518341,98.53320717811584,85.68925261497498,120.08626517495851,121.08789100354417,2.8609604856531723,2.8848234304522147,128.0,116.41666666666671,3.049498971677321,2.7735351975476688,115.0,108.00000000000003,2.7397842323663433,2.57301475735274,130.13340759277344,126.58582878112796,3.1003257237111583,3.015807458570087,112.06468963623048,117.217763264974,2.6698527797423672,2.792620691709796,129.52628571624606,129.8157737093038,3.085861524194338,3.092758347140764,124.8062754456023,125.45183235642399,2.973411004923755,2.9887908887964896
14,,,,no_frames,3,linear,nan,nan,nan,nan,nan,nan,nan,nan,nan,nan,nan,nan,nan,nan,nan,nan,nan,nan,nan,nan,nan,nan,nan,nan,nan,nan,nan,nan,nan,nan,nan
15,2,8,9,ok,3,linear,93.18336844444276,65.52364826202393,79.35350835323334,120.10216818319584,123.23084141895632,2.8613393622724406,2.9358775327034246,130.44400024414062,135.48833211263016,3.1077253484842426,3.227902573841727,113.1860809326172,113.85266113281246,2.6965690422828295,2.7124497894315476,134.978759765625,140.4828796386718,3.2157624148715125,3.346893726534363,109.63909149169922,110.92814636230464,2.61206481843416,2.6427755332962453,131.04448126809982,133.64503764671073,3.1220313349301434,3.1839875380736036,125.57332472564784,128.43793953283355,2.991685348601292,3.0599325353885147
16,23,40,41,ok,3,linear,58.411705493927,77.25800275802612,67.83485412597656,118.89818613080062,119.94935972394347,2.832655440157619,2.85769882133999,131.0,133.86212158203128,3.1209716038260082,3.1891593914917884,107.0,105.6099141438802,2.5491905466365106,2.516072848286663,132.1820068359375,135.081049601237,3.1491319837534064,3.218199389469261,109.41604614257812,109.23601277669269,2.606750939037424,2.6024617861926176,132.89584620007713,134.98150320276736,3.166138643182208,3.215827775096079,125.89701616543888,127.46543146335544,2.999397041669914,3.036763298218035
17,4,6,10,ok,3,linear,62.46843934059143,63.38130831718445,62.92487382888794,85.94961220711478,89.47331682665448,2.047681672200477,2.1316311535581405,98.57601165771484,103.79671478271486,2.348495673298852,2.472874804635728,71.01521301269531,70.96946716308595,1.6918813988723458,1.6907915401118594,109.50213623046876,115.2962417602539,2.6088019674319094,2.7468419584855788,75.3850326538086,73.42940521240234,1.7959889027941451,1.7493976225476426,101.35278386465049,104.95404906764588,2.414650079467855,2.5004473805090406,93.65119803588263,97.21368294715023,2.231165875834166,2.316039267033592
18,,,,no_attached_run,3,linear,nan,nan,nan,nan,nan,nan,nan,nan,nan,nan,nan,nan,nan,nan,nan,nan,nan,nan,nan,nan,nan,nan,nan,nan,nan,nan,nan,nan,nan,nan,nan
19,8,30,60,ok,3,linear,72.47112393379211,80.23815155029297,76.35463774204254,107.27319798214464,132.09163547733894,2.555699272930373,3.1469789574634426,108.99998474121094,144.80249023437491,2.5968386045403626,3.4498050395784503,100.99998474121094,120.14699300130206,2.4062449188105304,2.8624072781843197,113.89574432373048,149.54311116536448,2.7134762124503062,3.5627465915641117,102.89955139160156,117.5643971761067,2.451500594958958,2.800878971050012,116.28523773339461,143.1998234655329,2.770404006947185,3.41162276876966,111.77921785776962,137.6457294714359,2.663051639938779,3.2793008631165512
20,16,16,17,ok,3,linear,74.70405101776123,82.30223655700684,78.50314378738403,103.54070198076731,100.39374389641303,2.4667755016960773,2.3918017091792803,116.0,112.09342956542963,2.763608443082572,2.670537485871577,89.0,86.99088541666663,2.120354753744387,2.0724891845580045,121.64300537109376,118.02014160156251,2.8980485921163224,2.811736722274818,89.40033721923828,86.93154652913408,2.1298924720130694,2.071075482397762,113.21136558716175,110.75278534048515,2.697171429220586,2.638597695361004,108.37603378396453,105.5732646184491,2.5819734654583315,2.5151997022701424
21,13,14,,no_detach_found,3,linear,55.03107309341431,nan,55.03107309341431,87.21429378403441,75.97527873891502,2.077811712577943,1.81005104990015,93.0,78.65112304687497,2.2156515966093036,1.87380092853681,79.0,73.05998229980469,1.8821126465820965,1.740596413234513,97.98998260498048,82.94335937499997,2.3345339936606764,1.9760600712619134,78.79502868652344,74.73697662353516,1.8772293668190487,1.780549479372988,95.218290860139,89.1863989272555,2.26850062549114,2.124795561064601,91.2162923220867,82.58083883308527,2.1731561690345416,1.9674233054823758
22,12,31,,no_detach_found,3,linear,88.53284120559692,nan,88.53284120559692,82.81103904639518,78.91399503032048,1.972907643871192,1.8800636460618088,85.0,89.49335479736325,2.025057910879471,2.132108542394632,76.0,67.44159444173177,1.8106400144334094,1.6067427570182808,91.08470916748048,90.4388224283854,2.1700213042324967,2.1546335624614774,77.39627075195312,69.05466715494792,1.8439050630448484,1.6451729412385419,90.98040588477603,85.0323745022577,2.1675363608469516,2.0258292078430915,86.8957224655856,81.97318476628908,2.070222002359072,1.95294642695245
23,,,,no_attached_run,3,linear,nan,nan,nan,nan,nan,nan,nan,nan,nan,nan,nan,nan,nan,nan,nan,nan,nan,nan,nan,nan,nan,nan,nan,nan,nan,nan,nan,nan,nan,nan,nan
24,15,15,16,ok,3,linear,72.12427258491516,95.78169584274292,83.95298421382904,86.20846375280762,85.76092470809398,2.053848605969285,2.043186341464287,84.0,81.66666666666666,2.001233700163242,1.9456438751587073,84.0,84.33333333333333,2.001233700163242,2.009175103735318,86.44844818115234,84.75182088216144,2.059566045558783,2.0191452392807174,86.04134368896484,86.72751363118489,2.0498671023533848,2.066214559643978,91.28934551032847,90.69979857956822,2.1748966035847057,2.1608511132791675,88.74890463156805,88.23036164383113,2.1143726047769955,2.102018727371728
25,16,19,,no_detach_found,3,linear,97.50791788101196,nan,97.50791788101196,35.21555503711461,38.78645016964925,0.8389828036931806,0.9240565617762425,37.0,38.333333333333385,0.8814957965004756,0.9132614107887823,32.0,37.3333333333334,0.7623747429193303,0.8894372000725536,37.45445251464844,39.104743957519574,0.8923227689699802,0.9316396600481318,33.308616638183594,38.647630055745495,0.7935515014541795,0.9207492821309485,37.21414590160946,41.3961238433957,0.8865976535844363,0.9862299772801736,36.214850469362034,40.09128700652245,0.8627902286388084,0.9551432695282075
26,,,,no_attached_run,3,linear,nan,nan,nan,nan,nan,nan,nan,nan,nan,nan,nan,nan,nan,nan,nan,nan,nan,nan,nan,nan,nan,nan,nan,nan,nan,nan,nan,nan,nan,nan,nan
27,22,22,,no_detach_found,3,linear,83.67868065834045,nan,83.67868065834045,61.452652421880806,64.9391150556093,1.464060940370073,1.5471231608102798,68.0,73.00000000000003,1.620046328703577,1.739167382284723,52.0,54.00000000000001,1.2388589572439117,1.28650737867637,70.0369873046875,75.7543411254883,1.6685759434767353,1.8047873856427308,54.23283767700195,55.95003128051756,1.2920545525559417,1.3329653348066581,65.95252185249296,70.40886025906606,1.571266777880495,1.6774355231015168,63.70258713718688,67.67398765733766,1.5176638591252838,1.6122793419558978
28,,,,no_attached_run,3,linear,nan,nan,nan,nan,nan,nan,nan,nan,nan,nan,nan,nan,nan,nan,nan,nan,nan,nan,nan,nan,nan,nan,nan,nan,nan,nan,nan,nan,nan,nan,nan
29,25,37,,no_detach_found,3,linear,85.68268418312073,nan,85.68268418312073,72.11040355384516,74.71193580924603,1.7179734490991208,1.7799529017368576,79.0,82.0,1.8821126465820965,1.953585278730784,63.0,66.99999999999999,1.5009252751224316,1.5962221179873475,81.44122314453125,81.90125783284506,1.9402728611827444,1.9512328245339075,64.34001159667969,68.48447163899738,1.5328499937639188,1.6315884831170873,78.43447205941756,80.87172443328285,1.8686393897597455,1.9267050038833418,75.27243780663136,77.79183012126443,1.793306419429433,1.8533289528100994
30,31,55,,no_detach_found,3,linear,93.76941323280334,nan,93.76941323280334,50.70178143635876,46.03632456632464,1.2079299246280024,1.0967790970688311,58.0,50.58301624498865,1.381804221541286,1.2051004376830476,42.0,40.99341844257554,1.000616850081621,0.9766358389544706,60.54962158203125,52.4569251746462,1.4425469433582438,1.2497448388862327,43.00594329833984,41.1779023555287,1.0245826551898478,0.9810310225704212,55.45766586905923,50.493080433187046,1.3212351174946921,1.2029577879517512,53.07972365270899,48.26470249975584,1.2645825210613473,1.1498684425102912
31,,,,no_attached_run,3,linear,nan,nan,nan,nan,nan,nan,nan,nan,nan,nan,nan,nan,nan,nan,nan,nan,nan,nan,nan,nan,nan,nan,nan,nan,nan,nan,nan,nan,nan,nan,nan
32,,,,no_attached_run,3,linear,nan,nan,nan,nan,nan,nan,nan,nan,nan,nan,nan,nan,nan,nan,nan,nan,nan,nan,nan,nan,nan,nan,nan,nan,nan,nan,nan,nan,nan,nan,nan
33,40,96,96,ok,3,linear,77.59895324707031,77.59895324707031,77.59895324707031,107.42145965278438,108.33816098445433,2.5592314902128344,2.581071175902387,117.0,105.19257609049464,2.7874326537988012,2.5061300985629043,100.0,113.52590942382801,2.382421071622907,2.7046651878648142,115.92974853515624,118.5520833333333,2.7619347573810105,2.8244098141812812,100.50086975097656,100.22206115722653,2.3943538981115577,2.3877115034245615,114.83878785462052,116.33748527809911,2.7359434802448073,2.7716487634616307,111.13012375370245,112.33782313127674,2.647587485228821,2.676359969682009
34,,,,no_frames,3,linear,nan,nan,nan,nan,nan,nan,nan,nan,nan,nan,nan,nan,nan,nan,nan,nan,nan,nan,nan,nan,nan,nan,nan,nan,nan,nan,nan,nan,nan,nan,nan
35,48,87,,no_detach_found,3,linear,67.57634282112122,nan,67.57634282112122,69.72251129871077,65.5917105632522,1.6610838008451476,1.5626707336968289,104.0,101.28571428571416,2.4777179144878234,2.413052199686627,46.0,41.999999999999716,1.0959136929465372,1.0006168500816142,107.30604553222656,102.92453547886407,2.556481839885037,2.4520958211184527,46.667091369628906,43.26052965436645,1.1118066183035542,1.0306479741813026,85.68773479588799,82.42093772806595,2.041442649573589,1.9636137878626378,77.70512304729938,74.00632414565911,1.8512632252093684,1.763142260779734
36,55,55,,no_detach_found,3,linear,64.43829536437988,nan,64.43829536437988,111.47563839967542,111.47563839967542,2.655819098960024,2.655819098960024,121.0,121.0,2.8827294966637176,2.8827294966637176,105.0,105.0,2.5015421252040526,2.5015421252040526,118.76011657714844,118.76011657714844,2.8293660420179134,2.8293660420179134,106.72927856445312,106.72927856445312,2.542740822110642,2.542740822110642,121.50067391589454,121.50067391589454,2.8946576575361087,2.8946576575361087,116.48815615778497,116.48815615778497,2.775238378248066,2.775238378248066
37,,,,no_frames,3,linear,nan,nan,nan,nan,nan,nan,nan,nan,nan,nan,nan,nan,nan,nan,nan,nan,nan,nan,nan,nan,nan,nan,nan,nan,nan,nan,nan,nan,nan,nan,nan
38,,,,no_frames,3,linear,nan,nan,nan,nan,nan,nan,nan,nan,nan,nan,nan,nan,nan,nan,nan,nan,nan,nan,nan,nan,nan,nan,nan,nan,nan,nan,nan,nan,nan,nan,nan
39,58,121,123,ok,3,linear,59.07852649688721,65.94781875610352,62.51317262649536,92.56836466130125,92.78220928187852,2.2053682253475735,2.2104629046487387,96.73802185058594,97.30772908528647,2.3047070168395316,2.3182798420455972,83.4862289428711,82.06435902913415,1.9889935102383032,1.9551185818023677,100.40745544433594,103.67820739746094,2.3921283759862413,2.470051459718009,86.29660034179688,84.1744791666667,2.0559483906371745,2.0053905285955014,99.56540255110704,99.48375054873419,2.3720671304237455,2.370121835913813,96.06688360620414,96.13297991530638,2.2887176778856597,2.2902923702812763
40,59,62,69,ok,3,linear,68.4921383857727,73.44227433204651,70.9672063589096,134.34347973244155,127.29724997872029,3.200627369497137,3.032756507089519,153.0,135.02909633091508,3.645104239583048,3.216961643809715,117.0,114.99338422502787,2.7874326537988012,2.739626616749356,153.87802124023438,138.69222041538777,3.6660224026237165,3.3042326838778857,118.79747009277344,117.58149228777202,2.8302559600451556,2.801286248592544,146.34209632618445,136.76371489248928,3.4864849395297104,3.2582875619329403,140.342788029313,132.03048243560477,3.343556154513424,3.145522034511229
41,,,,no_frames,3,linear,nan,nan,nan,nan,nan,nan,nan,nan,nan,nan,nan,nan,nan,nan,nan,nan,nan,nan,nan,nan,nan,nan,nan,nan,nan,nan,nan,nan,nan,nan,nan
42,,,,no_frames,3,linear,nan,nan,nan,nan,nan,nan,nan,nan,nan,nan,nan,nan,nan,nan,nan,nan,nan,nan,nan,nan,nan,nan,nan,nan,nan,nan,nan,nan,nan,nan,nan
43,85,85,85,ok,3,linear,80.48901557922363,80.48901557922363,80.48901557922363,117.60612728279965,117.60612728279965,2.8018731579050753,2.8018731579050753,141.0,141.0,3.359213710988299,3.359213710988299,97.0,97.0,2.31094843947422,2.31094843947422,145.67446899414062,145.67446899414062,3.4705792452911846,3.4705792452911846,97.73223876953124,97.73223876953124,2.3283934502141244,2.3283934502141244,130.45859382621185,130.45859382621185,3.108073029058612,3.108073029058612,124.03236055450574,124.03236055450574,2.9549730934818434,2.9549730934818434
44,92,92,,no_detach_found,3,linear,68.0679440498352,nan,68.0679440498352,55.54331118049499,59.11280114328849,1.3232755494411947,1.4083158304642518,65.0,65.19812011718756,1.5485736965548895,1.5532937519738899,52.0,57.2644856770836,1.2388589572439117,1.3642811733273212,67.75506591796875,66.77962239583333,1.6142109675216783,1.5909717955085432,54.75605010986328,60.509066263835166,1.3045196758057809,1.4415807449118767,79.1803185473902,82.6226968416251,1.886408593651165,1.9684205394979906,67.3618148639426,70.86774899245677,1.60484207154618,1.6883681849811205
45,,,,no_frames,3,linear,nan,nan,nan,nan,nan,nan,nan,nan,nan,nan,nan,nan,nan,nan,nan,nan,nan,nan,nan,nan,nan,nan,nan,nan,nan,nan,nan,nan,nan,nan,nan
46,88,89,90,ok,3,linear,78.80660891532898,64.23494815826416,71.52077853679657,29.2726871606753,34.415296472380135,0.6973986671461816,0.8199172750194793,30.0,35.68629201253282,0.7147263214868721,0.8501977405874642,26.0,29.686292012532704,0.6194294786219559,0.7072524762900871,31.68878746032715,37.77930259704601,0.7549603497966314,0.9000620657842043,27.43295669555664,31.78053601582866,0.6535685408841285,0.7571461867158091,31.362089946741946,37.00376905525661,0.7471770393925095,0.8815855912671102,30.317388553708625,35.7095327638184,0.7222878532693456,0.8507514331432955
47,,,,no_attached_run,3,linear,nan,nan,nan,nan,nan,nan,nan,nan,nan,nan,nan,nan,nan,nan,nan,nan,nan,nan,nan,nan,nan,nan,nan,nan,nan,nan,nan,nan,nan,nan,nan
48,92,93,93,ok,3,linear,73.88112545013428,73.88112545013428,73.88112545013428,51.819515627285234,50.11766701036743,1.2345590595173688,1.1940138594607959,56.0,54.99999999999983,1.334155800108828,1.3103315893925949,46.0,42.66666666666657,1.0959136929465372,1.0164996572257714,56.96978759765625,56.520777384440066,1.357260224185376,1.3465629102519747,47.25201034545898,44.44954681396479,1.1257418512356507,1.0589753695367856,55.05275081585598,52.91560387557354,1.3115883359450047,1.2606724969081717,53.43613322157061,51.51663544297048,1.2730736977311867,1.2273431781844837
49,92,103,,no_detach_found,3,linear,79.55051064491272,nan,79.55051064491272,27.66255531193445,24.24548457694859,0.6590385467008681,0.5776295334783053,27.0,24.19780219780216,0.6432536893381849,0.5764935384300697,26.0,22.934065934065927,0.6194294786219559,0.5463860193930775,28.743309020996094,25.235852503514522,0.6847866507978989,0.6012242676474069,27.09918212890625,23.86832012972988,0.6456166252765316,0.5686438882130966,29.265769007646043,26.055414951855376,0.6972338476106454,0.620749696111788,28.46416215979025,25.15044976440199,0.6781361971557569,0.5991896147950468
50,96,97,100,ok,3,linear,72.36476540565491,83.11794400215149,77.7413547039032,139.88716368214318,148.45224696700762,3.332701264059006,3.5367576130396676,148.0305938720703,155.69765218098962,3.526712060856731,3.7093736735820397,131.84799194335938,147.3248850504557,3.1411743425702667,3.5098991051862827,151.9423065185547,151.75809224446613,3.619905527207913,3.6155167675250897,131.32388305664062,151.5148162841797,3.128687862014831,3.6097209097850325,151.58403508459287,163.84677425319492,3.611369993071601,3.903520074982532,145.73559938336803,156.14951061010132,3.4720356285653033,3.720138844011101
51,98,98,98,ok,3,linear,58.850181102752686,58.850181102752686,58.850181102752686,104.0987116406393,104.87925444059745,2.4800696414145587,2.498665457553797,107.0,111.99999999999991,2.5491905466365106,2.668311600217654,98.0,97.99999999999997,2.334772650190449,2.334772650190448,108.59530639648438,110.96456909179688,2.5871974623833025,2.6436432760785284,100.39835357666016,99.91960906982413,2.391911531172822,2.3805058211627235,109.99627491610691,110.75537269203377,2.620574431601593,2.6386593369694955,107.04749327837311,107.81731356631565,2.550322036508076,2.5686623972616474
52,99,121,123,ok,3,linear,94.5564031600952,84.01066660881042,89.28353488445282,130.08699700229477,133.3611529920314,3.09922002802413,3.177224210241419,150.0,158.66666666666657,3.573631607434361,3.7801081003083437,116.0,116.0,2.763608443082572,2.763608443082572,163.74795532226562,169.44537353515616,3.9011657919493197,4.036902283991705,110.59989166259766,111.63117726643881,2.6349551241618334,2.6595246896963585,147.86578111134665,151.99443937110448,3.522785526916527,3.6211475512722973,138.97638905682072,142.677796181568,3.311002777470329,3.3991858807568596
53,,,,no_frames,3,linear,nan,nan,nan,nan,nan,nan,nan,nan,nan,nan,nan,nan,nan,nan,nan,nan,nan,nan,nan,nan,nan,nan,nan,nan,nan,nan,nan,nan,nan,nan,nan
54,105,105,,no_detach_found,3,linear,76.59851312637329,nan,76.59851312637329,74.39605030486331,74.39605030486331,1.7724271789182415,1.7724271789182415,84.80130004882812,84.80130004882812,2.020324041373448,2.020324041373448,58.863651275634766,58.863651275634766,1.402380031517349,1.402380031517349,93.8270034790039,93.8270034790039,2.2353543017561472,2.2353543017561472,62.49401092529297,62.49401092529297,1.4888704847865013,1.4888704847865013,84.81941030435608,84.81941030435608,2.020755503917271,2.020755503917271,79.6077303046097,79.6077303046097,1.8965913414177562,1.8965913414177562
55,,,,no_frames,3,linear,nan,nan,nan,nan,nan,nan,nan,nan,nan,nan,nan,nan,nan,nan,nan,nan,nan,nan,nan,nan,nan,nan,nan,nan,nan,nan,nan,nan,nan,nan,nan
56,,,,no_attached_run,3,linear,nan,nan,nan,nan,nan,nan,nan,nan,nan,nan,nan,nan,nan,nan,nan,nan,nan,nan,nan,nan,nan,nan,nan,nan,nan,nan,nan,nan,nan,nan,nan
57,,,,no_attached_run,3,linear,nan,nan,nan,nan,nan,nan,nan,nan,nan,nan,nan,nan,nan,nan,nan,nan,nan,nan,nan,nan,nan,nan,nan,nan,nan,nan,nan,nan,nan,nan,nan
58,,,,no_attached_run,3,linear,nan,nan,nan,nan,nan,nan,nan,nan,nan,nan,nan,nan,nan,nan,nan,nan,nan,nan,nan,nan,nan,nan,nan,nan,nan,nan,nan,nan,nan,nan,nan
59,117,167,,no_detach_found,3,linear,91.41735434532166,nan,91.41735434532166,57.20337079202036,53.68147930283078,1.3628251594276766,1.2789188744695301,69.0,68.99999999999983,1.6438705394198059,1.6438705394198019,45.0,37.999999999999545,1.0720894822303082,0.9053200072166938,74.32133483886719,75.34476725260414,1.7706471419125887,1.7950296113912767,45.36311340332031,39.007124582925826,1.0807403724648983,0.9293139554978239,64.97497064535601,63.01986823108189,1.54797739193576,1.501398620046285,61.08917071868818,58.35067376695622,1.455401275681718,1.390158747257905
60,123,124,125,ok,3,linear,69.64154243469238,87.37834692001343,78.5099446773529,87.65843172494422,87.50104945446003,2.0883929484692505,2.0846434400942364,86.0,84.66666666666657,2.0488821215957,2.0171165073073922,85.0,84.33333333333329,2.025057910879471,2.009175103735317,88.80992126464844,88.26694742838531,2.1158262779006973,2.1028903548121654,86.53480529785156,86.70271555582677,2.061623435703871,2.065623765071289,92.63981996145175,91.80165753470055,2.2070705914751505,2.187102033205804,90.149125843198,89.65135349458032,2.1477317699722005,2.135872736650021
61,122,157,189,ok,3,linear,80.6303083896637,71.36357426643372,75.9969413280487,125.33138578743036,125.09963492459039,2.9859213443567385,2.980400062966771,149.0,133.83604067847847,3.5498073967181316,3.1885380345498766,104.0,117.05136726016086,2.4777179144878234,2.788656438228789,150.4717254638672,130.93504805791943,3.584870094285743,3.1194241750714524,105.22380828857422,120.31779516310915,2.5068741810310833,2.8664765048779994,138.32973581378715,133.11562495541156,3.295596774347964,3.1713746985602462,131.83056080060877,129.10762994000092,3.1407590593523516,3.075887380763507
62,,,,no_attached_run,3,linear,nan,nan,nan,nan,nan,nan,nan,nan,nan,nan,nan,nan,nan,nan,nan,nan,nan,nan,nan,nan,nan,nan,nan,nan,nan,nan,nan,nan,nan,nan,nan
63,,,,no_attached_run,3,linear,nan,nan,nan,nan,nan,nan,nan,nan,nan,nan,nan,nan,nan,nan,nan,nan,nan,nan,nan,nan,nan,nan,nan,nan,nan,nan,nan,nan,nan,nan,nan
64,125,135,,no_detach_found,3,linear,56.78938031196594,nan,56.78938031196594,55.451541913056104,55.35852105116584,1.3210892190764567,1.3188730704617777,60.0,61.333333333333314,1.4294526429737442,1.4612182572620493,50.0,47.66666666666663,1.1912105358114535,1.135620710806918,59.07284927368164,62.59378306070971,1.4073640087042307,1.491247477164278,52.579833984375,49.15903854370114,1.2526730442680925,1.1711752928723627,59.772785750810314,59.4877613496177,1.4240394428233194,1.4172489614300394,57.61216383193321,57.42314120039168,1.372564330949888,1.3680610159459066
65,129,178,179,ok,3,linear,92.96004772186281,60.65036058425903,76.80520415306091,105.73099452277336,106.65428122683943,2.518957492747014,2.540954069736177,112.0,113.6666666666668,2.668311600217656,2.708018618078041,100.05883026123048,101.07844034830737,2.3838226561629527,2.408114061725865,111.27484893798828,111.97989145914718,2.6510354485151915,2.6678325301031824,101.23572540283205,102.57916768391937,2.4118612540073747,2.4438677059970906,113.48831340349726,114.98884057141191,2.7037694923543625,2.739518367788188,109.60965396313532,110.82156089912581,2.6113634925506886,2.640236218762186
66,,,,no_attached_run,3,linear,nan,nan,nan,nan,nan,nan,nan,nan,nan,nan,nan,nan,nan,nan,nan,nan,nan,nan,nan,nan,nan,nan,nan,nan,nan,nan,nan,nan,nan,nan,nan
67,,,,no_attached_run,3,linear,nan,nan,nan,nan,nan,nan,nan,nan,nan,nan,nan,nan,nan,nan,nan,nan,nan,nan,nan,nan,nan,nan,nan,nan,nan,nan,nan,nan,nan,nan,nan
68,143,153,,no_detach_found,3,linear,80.5876076221466,nan,80.5876076221466,59.708213214418464,61.155203711187085,1.4225010531098385,1.456974459609235,58.0,64.33333333333337,1.381804221541286,1.5326908894107378,58.0,57.00000000000017,1.381804221541286,1.357980010825061,61.69318389892578,64.2593930562337,1.4697914129630785,1.530929320668699,58.36061477661133,59.16107304890977,1.3903955839666602,1.409465870515447,63.77896600700896,66.73919434165214,1.5194835254141925,1.5900086290268833,61.74358961071371,63.94719902641958,1.4709922892620155,1.5234915443180586
69,,,,no_frames,3,linear,nan,nan,nan,nan,nan,nan,nan,nan,nan,nan,nan,nan,nan,nan,nan,nan,nan,nan,nan,nan,nan,nan,nan,nan,nan,nan,nan,nan,nan,nan,nan
70,,,,no_attached_run,3,linear,nan,nan,nan,nan,nan,nan,nan,nan,nan,nan,nan,nan,nan,nan,nan,nan,nan,nan,nan,nan,nan,nan,nan,nan,nan,nan,nan,nan,nan,nan,nan
71,,,,no_frames,3,linear,nan,nan,nan,nan,nan,nan,nan,nan,nan,nan,nan,nan,nan,nan,nan,nan,nan,nan,nan,nan,nan,nan,nan,nan,nan,nan,nan,nan,nan,nan,nan
72,160,205,,no_detach_found,3,linear,69.25873160362244,nan,69.25873160362244,78.86555126309123,83.2697684420566,1.8789095115434513,1.9838365096551582,101.0,108.99999999999955,2.4062452823391363,2.596838968068958,57.0,60.66666666666629,1.357980010825057,1.4453354501178879,108.07415771484376,116.32086435953755,2.5747815063774113,2.7712527831955227,58.382450103759766,60.161463419595975,1.3909157934017025,1.4332993815051618,88.83884184850896,95.08514892017365,2.116515287984627,2.265328623858238,83.8521965558001,89.17745868111513,1.9977123997640394,2.124582566756698
73,168,208,,no_detach_found,3,linear,79.03823256492615,nan,79.03823256492615,93.68265678266962,93.46740179250479,2.2319153556464877,2.226787075403081,101.0,97.48243204752612,2.4062452823391363,2.322442002230744,87.0,88.22422790527341,2.0727063323119292,2.1018725958918507,111.06242370605467,111.10371398925777,2.6459745850281613,2.6469582934357248,84.54769134521484,84.53453318277991,2.0142820141790954,2.013968531344607,108.55531427064129,109.23458978863147,2.5862446815502267,2.6024278846252002,101.11898552665545,101.3509957905681,2.409080018598357,2.41460748001414
74,,,,no_attached_run,3,linear,nan,nan,nan,nan,nan,nan,nan,nan,nan,nan,nan,nan,nan,nan,nan,nan,nan,nan,nan,nan,nan,nan,nan,nan,nan,nan,nan,nan,nan,nan,nan
75,,,,no_attached_run,3,linear,nan,nan,nan,nan,nan,nan,nan,nan,nan,nan,nan,nan,nan,nan,nan,nan,nan,nan,nan,nan,nan,nan,nan,nan,nan,nan,nan,nan,nan,nan,nan
76,,,,no_frames,3,linear,nan,nan,nan,nan,nan,nan,nan,nan,nan,nan,nan,nan,nan,nan,nan,nan,nan,nan,nan,nan,nan,nan,nan,nan,nan,nan,nan,nan,nan,nan,nan
77,182,188,,no_detach_found,3,linear,97.19021320343018,nan,97.19021320343018,45.97366250648702,54.004020424718306,1.0952862229513467,1.2866031621220275,54.0,59.00000000000023,1.2865073786763699,1.4056284322575205,37.0,47.66666666666765,0.8814957965004756,1.1356207108069425,55.8935546875,62.57438786824582,1.3316198245540731,1.4907854020121365,38.32190704345703,47.63962809244879,0.9129891884510634,1.1349765381172858,50.10101116173731,58.707335700880435,1.1936170470133745,1.3986559363261732,48.03733683411217,56.35567806279914,1.1444516349823606,1.342629549224095
78,180,183,183,ok,3,linear,77.82348394393921,77.82348394393921,77.82348394393921,106.73775080209549,106.82922809170927,2.5429426664854713,2.54512204070898,110.0,109.6342900594076,2.6206631787851977,2.611950428099505,103.0,104.31823476155586,2.453893703771594,2.485299606504359,111.88557434082033,111.93498738606773,2.665585499202016,2.6667627260041207,102.04865264892578,102.00729115804039,2.431228604015276,2.4302431991408846,113.22461687511598,113.39599746471876,2.6974871306970694,2.701570137976437,109.98118383860574,110.11261277821401,2.6202148985912705,2.6233460893427085
79,,,,no_frames,3,linear,nan,nan,nan,nan,nan,nan,nan,nan,nan,nan,nan,nan,nan,nan,nan,nan,nan,nan,nan,nan,nan,nan,nan,nan,nan,nan,nan,nan,nan,nan,nan
80,185,185,185,ok,3,linear,64.89185094833374,64.89185094833374,64.89185094833374,119.09613145837153,119.09613145837153,2.837371331351961,2.837371331351961,126.0,126.0,3.001850550244863,3.001850550244863,106.0,106.0,2.5253663359202814,2.5253663359202814,130.8191680908203,130.8191680908203,3.1166634263174933,3.1166634263174933,110.28443145751952,110.28443145751952,2.627439533763467,2.627439533763467,129.73148785950193,129.73148785950193,3.0907503032946875,3.0907503032946875,124.41380965893673,124.41380965893673,2.9640608173233245,2.9640608173233245
81,193,206,206,ok,3,linear,92.71934032440186,92.71934032440186,92.71934032440186,139.82343583751768,132.12373718382872,3.3311829984601564,3.1477437552832055,174.99996948242188,135.5714285714289,4.1692361482828755,3.2298822813859203,117.99998474121094,123.00000000000017,2.8112565009864245,2.93037791809618,183.8546295166016,140.33261871337902,4.380191434757745,3.3433138785877725,116.25092315673828,125.20312826974066,2.7695864892422866,2.9828657102293583,164.86805334327818,141.63577216660912,3.927851243224754,3.3743604810531083,152.34574459039794,136.87975467521875,3.6295171208424555,3.261052118168153
82,194,247,,no_detach_found,3,linear,84.82718467712402,nan,84.82718467712402,53.820256077730576,57.07809268026817,1.2822251215972615,1.3598405072951611,65.51070404052734,70.64750162760436,1.5607408172300425,1.6831209653511825,47.64777755737305,46.578592936197765,1.1351706926868659,1.1096982129774344,68.78739166259766,75.38881429036496,1.6388053135895053,1.7960789973003162,47.86587905883789,47.715145111083814,1.1403667888152904,1.1367756714819082,65.06545683969834,69.17461697108149,1.5501331540966814,1.648030650933481,59.44285645871446,63.12635482567481,1.4161791378469715,1.5039355791143205
83,,,,no_frames,3,linear,nan,nan,nan,nan,nan,nan,nan,nan,nan,nan,nan,nan,nan,nan,nan,nan,nan,nan,nan,nan,nan,nan,nan,nan,nan,nan,nan,nan,nan,nan,nan
84,209,219,220,ok,3,linear,67.3998475074768,85.76833605766296,76.58409178256989,107.35624974328553,108.25104577451097,2.5576779155881475,2.5789957247841078,111.85549926757812,114.80733235677091,2.6648689843197877,2.735194077835854,109.60417175292967,109.80556233723964,2.6112328832195586,2.6160308549364237,113.55150604248048,114.72734832763675,2.7052750071012137,2.7332885214718288,107.83615112304688,109.32490539550798,2.569111187182591,2.6045795826743907,121.668395016625,123.0446144365444,2.898653480381469,2.9314408218333954,114.51232237995526,115.64783010552767,2.7281656979848083,2.7552182733087514
85,197,206,,no_detach_found,3,linear,85.91969013214111,nan,85.91969013214111,54.24441526906674,55.44861008434982,1.2923303795488796,1.3210193705715745,56.0,65.17688624064127,1.334155800108828,1.5527878716247288,49.0,45.49739710489911,1.1673863250952246,1.083939575667067,60.340850830078125,67.64789581298828,1.437573144972327,1.6116577243581431,49.41119003295898,46.60237503051758,1.1771826030848522,1.110264802603783,58.26784148691082,61.32038576033234,1.3881853335639975,1.4609097915546103,56.25612837798878,58.38449792234107,1.3402578565564387,1.390964581063092
86,,,,no_attached_run,3,linear,nan,nan,nan,nan,nan,nan,nan,nan,nan,nan,nan,nan,nan,nan,nan,nan,nan,nan,nan,nan,nan,nan,nan,nan,nan,nan,nan,nan,nan,nan,nan
87,,,,no_frames,3,linear,nan,nan,nan,nan,nan,nan,nan,nan,nan,nan,nan,nan,nan,nan,nan,nan,nan,nan,nan,nan,nan,nan,nan,nan,nan,nan,nan,nan,nan,nan,nan
88,,,,no_attached_run,3,linear,nan,nan,nan,nan,nan,nan,nan,nan,nan,nan,nan,nan,nan,nan,nan,nan,nan,nan,nan,nan,nan,nan,nan,nan,nan,nan,nan,nan,nan,nan,nan
89,,,,no_frames,3,linear,nan,nan,nan,nan,nan,nan,nan,nan,nan,nan,nan,nan,nan,nan,nan,nan,nan,nan,nan,nan,nan,nan,nan,nan,nan,nan,nan,nan,nan,nan,nan
90,,,,no_attached_run,3,linear,nan,nan,nan,nan,nan,nan,nan,nan,nan,nan,nan,nan,nan,nan,nan,nan,nan,nan,nan,nan,nan,nan,nan,nan,nan,nan,nan,nan,nan,nan,nan
91,208,210,210,ok,3,linear,64.27321434020996,64.27321434020996,64.27321434020996,33.53014342350997,34.67585941785228,0.7988292022670839,0.826124981537249,34.0,34.333333333333485,0.8100231643517884,0.8179645679238684,31.0,33.000000000000114,0.7385505322031012,0.786198953635562,35.738624572753906,35.080138524373524,0.8514445225294912,0.83575661215918,31.59105682373047,34.295728047688954,0.752631994516921,0.817068651674629,35.78643654409808,36.215266821661544,0.8525836050095531,0.8628001479037241,34.658289983804025,35.445563119757026,0.8257064036383185,0.8444625647204893
92,,,,no_attached_run,3,linear,nan,nan,nan,nan,nan,nan,nan,nan,nan,nan,nan,nan,nan,nan,nan,nan,nan,nan,nan,nan,nan,nan,nan,nan,nan,nan,nan,nan,nan,nan,nan
93,215,247,248,ok,3,linear,96.33280038833618,96.33280038833618,96.33280038833618,90.6854686233931,90.35035072837528,2.1605097133836972,2.1525257940380134,94.0,94.7880096435548,2.2394758073255328,2.258249515120003,86.0,83.42279052734341,2.0488821215957,1.987482140059268,93.81901550292967,93.10628000895176,2.2351639945309585,2.218183633937493,87.76782989501953,87.71191660563153,2.0909992735250946,2.089667183536877,96.31832007083527,95.70302817127896,2.2947079532007755,2.2800491093337567,93.50189434711419,93.02668944982713,2.227608833292236,2.2162874516858855
94,213,241,,no_detach_found,3,linear,92.8043782711029,nan,92.8043782711029,78.77670684307121,78.21913048582854,1.8767928633599331,1.8635090467345965,84.85281372070312,82.28020477294928,2.0215513139469645,1.9602609362852206,74.2462158203125,75.35140736897785,1.7688574905857455,1.795187806922944,88.9298324584961,83.51915232340497,2.1186830674501587,1.9897778837936326,71.32791900634766,74.25907897949224,1.699331372357347,1.7691639452005201,84.78192926183068,84.33801795187713,2.0198625476622816,2.009286711074631,81.77931805245095,81.2785742188529,1.9483277055111075,1.936397878904615
95,,,,no_frames,3,linear,nan,nan,nan,nan,nan,nan,nan,nan,nan,nan,nan,nan,nan,nan,nan,nan,nan,nan,nan,nan,nan,nan,nan,nan,nan,nan,nan,nan,nan,nan,nan
96,,,,no_frames,3,linear,nan,nan,nan,nan,nan,nan,nan,nan,nan,nan,nan,nan,nan,nan,nan,nan,nan,nan,nan,nan,nan,nan,nan,nan,nan,nan,nan,nan,nan,nan,nan
97,,,,no_frames,3,linear,nan,nan,nan,nan,nan,nan,nan,nan,nan,nan,nan,nan,nan,nan,nan,nan,nan,nan,nan,nan,nan,nan,nan,nan,nan,nan,nan,nan,nan,nan,nan
98,,,,no_attached_run,3,linear,nan,nan,nan,nan,nan,nan,nan,nan,nan,nan,nan,nan,nan,nan,nan,nan,nan,nan,nan,nan,nan,nan,nan,nan,nan,nan,nan,nan,nan,nan,nan
99,,,,no_frames,3,linear,nan,nan,nan,nan,nan,nan,nan,nan,nan,nan,nan,nan,nan,nan,nan,nan,nan,nan,nan,nan,nan,nan,nan,nan,nan,nan,nan,nan,nan,nan,nan
100,,,,no_frames,3,linear,nan,nan,nan,nan,nan,nan,nan,nan,nan,nan,nan,nan,nan,nan,nan,nan,nan,nan,nan,nan,nan,nan,nan,nan,nan,nan,nan,nan,nan,nan,nan
101,243,244,244,ok,3,linear,85.27323603630066,85.27323603630066,85.27323603630066,154.74435730531243,157.45816372821037,3.6866621755892046,3.751316471651381,197.0,237.32919311523438,4.693369511097127,5.654180705889965,143.0,135.94412231445335,3.4068621324207573,3.238761415652355,201.13967895507807,213.5385437011737,4.791994094820446,5.087387261173452,131.48817443847656,125.41032409667957,3.1326019745145506,2.9878019872698744,185.52459593002206,190.66279720613375,4.4199770664801,4.5423906563845815,170.13447661766725,174.06048046717297,4.053319621034652,4.146853564018003
102,248,274,,no_detach_found,3,linear,94.54070329666138,nan,94.54070329666138,80.58239062071397,84.34476062806505,1.9198118541653706,2.0094473500129233,87.0,87.96638234456388,2.0727063323119292,2.0957296289212626,73.0,79.64970397949264,1.7391673822847222,1.897591331092702,86.1036605834961,87.35984802246091,2.0513517531798784,2.0812794274248563,76.05316925048828,82.60229492187545,1.8119067298606661,1.9679344798628593,86.94223381936045,91.05581104672842,2.071330098652101,2.1693328293143965,83.76231222003722,87.70028583739679,1.995570976408736,2.0893900896636612
103,248,251,251,ok,3,linear,74.85877871513367,74.85877871513367,74.85877871513367,38.497413290657974,40.92259278837719,0.9171704862663932,0.9749484736447342,40.0,44.32926940917923,0.9529684286491629,1.0561098553007735,35.0,36.74348322550463,0.8338473750680175,0.8753844868126506,41.71552276611328,45.17160924275731,0.9938394045175338,1.076177936990611,35.80701446533203,37.53157107035304,0.8530738577411328,0.8941600576912179,40.84740291382179,43.796967312058996,0.9731571342295996,1.0434281779742902,39.672408102239885,42.35978005021798,0.9451638102479964,1.0091883258095096
104,249,249,250,ok,3,linear,80.18009066581726,86.72524094581604,83.45266580581665,86.82655898040011,86.30753219910824,2.0685742369141438,2.05620883350928,88.49408721923828,89.98817443847656,2.1083017810514866,2.1438972297910444,79.39217376708984,74.78434753417969,1.8914558770466223,1.7816780539300028,91.88651275634766,92.80801391601571,2.189123641886697,2.211077679689878,83.06578063964844,81.43092346191406,1.9789766612670456,1.9400274793737622,93.23119663664816,92.73579538910259,2.221159673997693,2.2093571302870845,90.02887780852413,89.52166379410541,2.1448669554559183,2.132782981898182
105,253,253,255,ok,3,linear,62.18252778053284,92.35725402832033,77.26989090442657,135.89826929134725,136.85821510875562,3.237669003567899,3.260538954997999,139.3888702392578,143.8733469645183,3.3208298160771896,3.42766893453182,132.79078674316406,137.16530863444012,3.1636356845429785,3.2678552158634964,141.31678771972656,141.3942108154297,3.3667609283753785,3.3686054725217125,133.0961456298828,134.4618479410808,3.170910619004239,3.203447398641861,146.6322954304742,149.86429687835567,3.4933987041399703,3.570398587669456,141.2652823609107,143.36125599355563,3.3655338538539343,3.4154687713337273
106,,,,no_attached_run,3,linear,nan,nan,nan,nan,nan,nan,nan,nan,nan,nan,nan,nan,nan,nan,nan,nan,nan,nan,nan,nan,nan,nan,nan,nan,nan,nan,nan,nan,nan,nan,nan
107,,,,no_frames,3,linear,nan,nan,nan,nan,nan,nan,nan,nan,nan,nan,nan,nan,nan,nan,nan,nan,nan,nan,nan,nan,nan,nan,nan,nan,nan,nan,nan,nan,nan,nan,nan
108,252,278,313,ok,3,linear,54.16024327278137,64.7575855255127,59.458914399147034,63.71096976671834,101.29683701818979,1.5178635686575974,2.413317190008867,69.0,117.45276641845726,1.6438705394198059,2.7982194563573595,65.0,95.06270599365212,1.5485736965548895,2.2647939388477,75.49658966064453,116.0271250406903,1.7986466604318763,2.7642546757676643,60.587669372558594,95.17411549886037,1.4434534019370544,2.2674481823755728,77.68862557144494,115.8056751253518,1.8508701858683265,2.7589788063215486,70.69979766908165,108.55125607177081,1.684366877262962,2.5861479981652082
109,261,370,,no_detach_found,3,linear,59.02920961380005,nan,59.02920961380005,117.86567215523509,128.66806140542798,2.8080566096362944,3.0654150073716173,126.01148986816406,134.15071614583303,3.0021242872851053,3.1960349291913595,109.23747253417967,128.42538452148483,2.6024965637625823,3.059633422152598,131.7027130126953,140.43397521972634,3.1377131867134977,3.345728617352452,112.3587646484375,126.24247233072947,2.676858884799565,3.007627262145017,132.6641414809128,149.04045787688258,3.1606184611288923,3.5507712737021135,125.26490681807394,138.8542596411553,2.984337535382593,3.3080931405368657
110,,,,no_frames,3,linear,nan,nan,nan,nan,nan,nan,nan,nan,nan,nan,nan,nan,nan,nan,nan,nan,nan,nan,nan,nan,nan,nan,nan,nan,nan,nan,nan,nan,nan,nan,nan
111,279,303,,no_detach_found,3,linear,58.91440510749817,nan,58.91440510749817,96.67253104349805,102.27780234458942,2.3031467500514937,2.436687914650326,105.3354721069336,112.46570841471362,2.509534483369056,2.679406735622114,97.1961898803711,93.4631601969403,2.3156225085245725,2.2266860227365792,106.03279876708984,111.5395380655932,2.5261477406586623,2.657341458065546,99.26546478271484,97.56713612874353,2.3649213498278145,2.324460010110192,118.5040366760498,125.4571939789372,2.823265140493948,2.9889186252210247,107.58828385977392,113.86749816176314,2.563205945272721,2.7128032699356712
112,285,323,324,ok,3,linear,81.72765374183655,70.39123177528381,76.05944275856018,78.92203654775018,78.26534949806958,1.8802552288675323,1.864610178221323,79.0,77.17699178059866,1.8821126465820965,1.8386809146256615,75.0,74.15842183430948,1.7868158037171804,1.7667658681635918,81.75656127929688,81.6373240152994,1.9477855433522633,1.9449448096495607,76.23095703125,74.9807917277015,1.816142383412304,1.7863581817904461,83.12251518515497,82.29501669480919,1.9803283170340826,1.9606138186327235,81.02227586645257,80.28018309643937,1.9302917729508076,1.912611998427023
113,,,,no_attached_run,3,linear,nan,nan,nan,nan,nan,nan,nan,nan,nan,nan,nan,nan,nan,nan,nan,nan,nan,nan,nan,nan,nan,nan,nan,nan,nan,nan,nan,nan,nan,nan,nan
114,291,291,,no_detach_found,3,linear,62.15624213218689,nan,62.15624213218689,40.74683259266482,40.74683259266482,0.9707611257065573,0.9707611257065573,44.0,44.0,1.0482652715140792,1.0482652715140792,36.0,36.0,0.8576715857842465,0.8576715857842465,44.91551971435547,44.91551971435547,1.0700768061037456,1.0700768061037456,37.33118438720703,37.33118438720703,0.8893860031272212,0.8893860031272212,43.65757853167339,43.65757853167339,1.0401073502989053,1.0401073502989053,42.202205562169105,42.202205562169105,1.0054342380027312,1.0054342380027312
115,,,,no_frames,3,linear,nan,nan,nan,nan,nan,nan,nan,nan,nan,nan,nan,nan,nan,nan,nan,nan,nan,nan,nan,nan,nan,nan,nan,nan,nan,nan,nan,nan,nan,nan,nan
116,,,,no_attached_run,3,linear,nan,nan,nan,nan,nan,nan,nan,nan,nan,nan,nan,nan,nan,nan,nan,nan,nan,nan,nan,nan,nan,nan,nan,nan,nan,nan,nan,nan,nan,nan,nan
117,300,304,,no_detach_found,3,linear,77.04728841781616,nan,77.04728841781616,35.1250497344612,42.006168037289626,0.8368265862918296,1.0007637987017146,40.0,44.96066029866597,0.9529684286491629,1.0711522448962127,28.0,36.56620407104549,0.667077900054414,0.871160950881221,41.55912780761719,47.301250457765036,0.990113418071367,1.126914958046921,30.02582550048828,37.28103510538779,0.715341593652357,0.8881912360698919,37.88275748319398,44.382097146835804,0.902526796791417,1.0573684344543652,36.503903608827585,43.19413259206249,0.8696766915416232,1.0290661165780346
118,306,308,308,ok,3,linear,78.8638710975647,78.8638710975647,78.8638710975647,103.79861765721617,115.01655854499995,2.4729201391188136,2.740178726631576,106.5625457763672,129.25992202758698,2.5387685450339785,3.079515619548572,101.7387237548828,115.76590092976858,2.423844792736548,2.7580312175049055,111.04159545898438,129.71918741861919,2.645478368481109,3.0904572549991944,98.23213958740234,108.10948181152298,2.3403031926363007,2.5756230751000575,111.96462861833506,129.18207359616054,2.667468904967546,3.07766094211434,107.88162313777562,122.09931607058002,2.57019452204318,2.908919834372953
119,,,,no_frames,3,linear,nan,nan,nan,nan,nan,nan,nan,nan,nan,nan,nan,nan,nan,nan,nan,nan,nan,nan,nan,nan,nan,nan,nan,nan,nan,nan,nan,nan,nan,nan,nan
120,,,,no_frames,3,linear,nan,nan,nan,nan,nan,nan,nan,nan,nan,nan,nan,nan,nan,nan,nan,nan,nan,nan,nan,nan,nan,nan,nan,nan,nan,nan,nan,nan,nan,nan,nan
121,311,319,,no_detach_found,3,linear,52.47575044631958,nan,52.47575044631958,57.94422041469386,58.94767878401956,1.3804753169472888,1.4043819205830679,64.0,67.33333333333348,1.5247494858386605,1.6041635215594277,49.0,47.0,1.1673863250952246,1.1197379036627664,66.84222412109375,70.36635843912791,1.592463232202347,1.676422950787487,51.77807235717773,50.06663767496741,1.2335717063175577,1.1927981258215168,63.62449619423273,63.877528786208586,1.515803404045315,1.5218317058346216,60.7843583044633,61.41260378511413,1.448139360496302,1.463106813208846
122,,,,no_frames,3,linear,nan,nan,nan,nan,nan,nan,nan,nan,nan,nan,nan,nan,nan,nan,nan,nan,nan,nan,nan,nan,nan,nan,nan,nan,nan,nan,nan,nan,nan,nan,nan
123,317,320,320,ok,3,linear,70.26820778846741,70.26820778846741,70.26820778846741,106.54672111735167,109.3273835989084,2.53839153502308,2.6046386239143997,110.0,108.33333333333334,2.6206631787851977,2.580956160924816,109.0,113.66666666666674,2.5968389680689685,2.7080186180780395,115.57081604003906,113.28736623128255,2.7533834739844374,2.698982084580689,104.48143768310548,111.48900095621684,2.4891877872968617,2.6561374513227745,123.84744009541747,128.0809079747953,2.9505675094987827,3.051426540317468,115.19708060638456,118.704145786852,2.744479522260931,2.828032582115937
124,,,,no_frames,3,linear,nan,nan,nan,nan,nan,nan,nan,nan,nan,nan,nan,nan,nan,nan,nan,nan,nan,nan,nan,nan,nan,nan,nan,nan,nan,nan,nan,nan,nan,nan,nan
125,329,329,331,ok,3,linear,53.713637590408325,89.47866559028625,71.59615159034729,80.13081195207887,79.29083096879133,1.909053348808854,1.8890414648653862,80.0,85.33333333333303,1.9059368572983257,2.03299931445154,76.0,66.66666666666674,1.8106400144334094,1.5882807144152733,84.6357192993164,88.68551890055346,2.0163792107065297,2.1128624897649018,75.93097686767578,71.5241826375327,1.808995592784623,1.704007198462632,84.39575472989013,85.43287245947613,2.0106622442400885,2.035370755567283,82.2632833409845,82.36185171413372,1.9598577965244715,1.9622061102163342
126,,,,no_frames,3,linear,nan,nan,nan,nan,nan,nan,nan,nan,nan,nan,nan,nan,nan,nan,nan,nan,nan,nan,nan,nan,nan,nan,nan,nan,nan,nan,nan,nan,nan,nan,nan
127,327,343,,no_detach_found,3,linear,77.29227542877197,nan,77.29227542877197,69.08961610265413,70.49174380532861,1.6460055723330052,1.6794101581725842,68.39898681640625,67.99999999999977,1.6295518746906368,1.6200463287035713,64.44408416748047,66.6666666666672,1.5353294406204563,1.588280714415284,70.92098236083984,70.69276173909498,1.6896364279666136,1.684199251784375,67.89237976074219,70.57741673787496,1.6174823614461677,1.6814512481702455,74.04211727127837,75.50181843800681,1.7639950037466798,1.7987712319255436,71.56586668696625,72.99678112166771,1.7050002880398423,1.7390906950490639
128,330,358,,no_detach_found,3,linear,88.7528121471405,nan,88.7528121471405,62.265676048032844,55.7652089104,1.4834305865567918,1.3285620877159046,61.0644416809082,51.0850016276047,1.4548121258748383,1.2170598432149593,58.86931610107422,55.778564453125,1.402514991512289,1.3288802729800147,65.01036834716797,56.50946553548238,1.5488207142425983,1.3462934143788166,61.080169677734375,55.33869171142578,1.4551868329853692,1.318400652093447,67.63067645043138,59.23031166165771,1.6112474866361883,1.4111154258152534,64.94817624923212,57.49776028602886,1.5473390365964903,1.369838756765579
129,,,,no_attached_run,3,linear,nan,nan,nan,nan,nan,nan,nan,nan,nan,nan,nan,nan,nan,nan,nan,nan,nan,nan,nan,nan,nan,nan,nan,nan,nan,nan,nan,nan,nan,nan,nan
130,,,,no_frames,3,linear,nan,nan,nan,nan,nan,nan,nan,nan,nan,nan,nan,nan,nan,nan,nan,nan,nan,nan,nan,nan,nan,nan,nan,nan,nan,nan,nan,nan,nan,nan,nan
131,,,,no_attached_run,3,linear,nan,nan,nan,nan,nan,nan,nan,nan,nan,nan,nan,nan,nan,nan,nan,nan,nan,nan,nan,nan,nan,nan,nan,nan,nan,nan,nan,nan,nan,nan,nan
132,,,,no_attached_run,3,linear,nan,nan,nan,nan,nan,nan,nan,nan,nan,nan,nan,nan,nan,nan,nan,nan,nan,nan,nan,nan,nan,nan,nan,nan,nan,nan,nan,nan,nan,nan,nan
133,,,,no_attached_run,3,linear,nan,nan,nan,nan,nan,nan,nan,nan,nan,nan,nan,nan,nan,nan,nan,nan,nan,nan,nan,nan,nan,nan,nan,nan,nan,nan,nan,nan,nan,nan,nan
134,,,,no_frames,3,linear,nan,nan,nan,nan,nan,nan,nan,nan,nan,nan,nan,nan,nan,nan,nan,nan,nan,nan,nan,nan,nan,nan,nan,nan,nan,nan,nan,nan,nan,nan,nan
135,353,386,,no_detach_found,3,linear,97.32524752616882,nan,97.32524752616882,45.90437284765684,51.93755440428504,1.0936354515189208,1.237371240213298,48.0,53.000000000000284,1.1435621143789954,1.2626831679601476,42.0,48.66666666666731,1.000616850081621,1.1594449215231635,49.488128662109375,55.052041371663734,1.1790156051979492,1.3115714339970772,42.818058013916016,49.629077911377294,1.020106436583256,1.1823736098128024,48.905006523390256,55.33777521704917,1.1651231804918067,1.3183788173382984,47.40468968552355,53.63766481066716,1.1293793160053638,1.2778750287757996
136,347,363,365,ok,3,linear,80.03349304199219,94.44178342819214,87.23763823509216,111.49276960973475,111.21069747823385,2.6562272365183017,2.6495070906202485,127.0,131.00000000000045,3.025674760961092,3.1209716038260193,102.0,102.0000000000001,2.4300694930553655,2.4300694930553677,125.83036041259766,123.96924591064453,2.9978090209687753,2.9534694369072145,100.38140869140624,101.76556396484386,2.3915078326559707,2.424484239554328,122.4782251230315,127.2409158036088,2.9179470434808437,3.031414389831138,116.98549736638313,119.22580664092135,2.787087139999573,2.8404607402256934
137,373,398,398,ok,3,linear,64.82279896736145,64.82279896736145,64.82279896736145,139.6822207137388,141.52683341657416,3.32781865959493,3.371765101317113,150.0,157.33521525065134,3.573631607434361,3.7483873212147754,118.0,116.02315266927064,2.8112568645150304,2.764160037153919,161.25572204589844,165.01679992675827,3.84179030121915,3.931395013172903,123.58100128173828,123.36944325764966,2.9442198150587076,2.9391796121141116,153.16394143354316,156.71813379493096,3.6490100148409006,3.7336858425846158,146.42308107364096,149.12248360575222,3.488414337217915,3.552725471950856
138,350,350,,no_detach_found,3,linear,89.05961513519287,nan,89.05961513519287,14.138550439257221,14.138550439257221,0.33683980488689713,0.33683980488689713,15.0,15.0,0.35736316074343605,0.35736316074343605,13.0,13.0,0.3097147393109779,0.3097147393109779,15.360480308532717,15.360480308532717,0.3659513195729708,0.3659513195729708,13.219446182250977,13.219446182250977,0.3149428713977972,0.3149428713977972,15.028429296394922,15.028429296394922,0.3580404662912628,0.3580404662912628,14.58348986782607,14.58348986782607,0.34744013558907993,0.34744013558907993
139,,,,no_frames,3,linear,nan,nan,nan,nan,nan,nan,nan,nan,nan,nan,nan,nan,nan,nan,nan,nan,nan,nan,nan,nan,nan,nan,nan,nan,nan,nan,nan,nan,nan,nan,nan
140,350,360,360,ok,3,linear,78.02221179008484,78.02221179008484,78.02221179008484,57.99912824508917,59.131887046727115,1.3817834526685975,1.4087705370494832,59.0,59.0,1.4056284322575152,1.4056284322575152,55.0,54.99999999999977,1.3103315893925989,1.3103315893925935,60.67277908325195,61.54366556803393,1.4454810736186101,1.4662292567419721,55.46249771118164,56.83292388915993,1.321350232319564,1.3539995543547552,61.38695673031485,62.13280321828779,1.4624957923710573,1.480264996262484,59.69304248770201,60.63234513250745,1.4221396225198275,1.4445177666559836
141,371,381,382,ok,3,linear,74.2369294166565,54.8853874206543,64.5611584186554,139.81432948850042,136.2631615692046,3.330966046882314,3.246362274084298,152.0,142.9999999999991,3.6212800288668188,3.4068621324207355,121.0,118.49999999999989,2.8827294966637176,2.823168969873142,158.2366180419922,149.4579620361328,3.7698625312558764,3.560717980766993,125.71315002441406,126.64030075073242,2.995016575982558,3.0171052102520717,153.7498288754311,150.8464224465829,3.6629683207124315,3.5937969541566974,146.78207918196574,143.55479200789318,3.496967183797372,3.420079614120484
142,,,,no_frames,3,linear,nan,nan,nan,nan,nan,nan,nan,nan,nan,nan,nan,nan,nan,nan,nan,nan,nan,nan,nan,nan,nan,nan,nan,nan,nan,nan,nan,nan,nan,nan,nan
143,364,381,,no_detach_found,3,linear,87.19626069068909,nan,87.19626069068909,71.92476812794717,70.4052572377048,1.7135508315961303,1.677349683961391,74.0,70.33333333333326,1.7629915930009512,1.6756361537081095,68.0,71.66666666666674,1.620046328703577,1.7074017679964186,78.86914825439453,73.48972066243482,1.8789952070222056,1.7508345905386606,66.7881088256836,69.64420064290368,1.5911739780015244,1.6592181112798734,78.4664638686345,76.11528059312684,1.8694015693637234,1.813386483575555,75.19561599829083,73.26026891541585,1.7914762004799267,1.7453680837684737
144,,,,no_attached_run,3,linear,nan,nan,nan,nan,nan,nan,nan,nan,nan,nan,nan,nan,nan,nan,nan,nan,nan,nan,nan,nan,nan,nan,nan,nan,nan,nan,nan,nan,nan,nan,nan
145,,,,no_frames,3,linear,nan,nan,nan,nan,nan,nan,nan,nan,nan,nan,nan,nan,nan,nan,nan,nan,nan,nan,nan,nan,nan,nan,nan,nan,nan,nan,nan,nan,nan,nan,nan
146,,,,no_frames,3,linear,nan,nan,nan,nan,nan,nan,nan,nan,nan,nan,nan,nan,nan,nan,nan,nan,nan,nan,nan,nan,nan,nan,nan,nan,nan,nan,nan,nan,nan,nan,nan
147,,,,no_attached_run,3,linear,nan,nan,nan,nan,nan,nan,nan,nan,nan,nan,nan,nan,nan,nan,nan,nan,nan,nan,nan,nan,nan,nan,nan,nan,nan,nan,nan,nan,nan,nan,nan
148,385,385,386,ok,3,linear,89.43954110145569,67.09167957305908,78.26561033725739,129.61634076296272,130.7203469702958,3.0880070146033756,3.1143090911189035,167.6059112548828,167.27246856689425,3.9930785470219177,3.985134538161492,114.0140151977539,113.12374877929682,2.716293922674633,2.6950840279277286,173.0746612548828,174.12193298339835,4.123367199376296,4.148317621713599,105.87378692626952,106.39610671997085,2.5223594090565835,2.534803265882981,153.20369529740586,151.9530773012558,3.64995711927035,3.620162132604563,141.4100180301843,141.33671213577588,3.3689820669368626,3.367235611861735
149,388,431,432,ok,3,linear,88.49564790725708,57.62942433357239,73.06253612041473,84.08507115959621,83.71143024976513,2.003260453395336,1.9943587536273168,87.0,86.33333333333326,2.0727063323119292,2.0568235251677747,80.0,80.66666666666674,1.9059368572983257,1.92181966444248,88.43624114990234,87.10117340087879,2.1069236441065216,2.075116708733343,80.57221984863281,81.24458567301443,1.9195695435481626,1.9355881286266212,89.16103276201564,88.72595564403156,2.1241912321988643,2.113825863262202,86.62305196080592,86.2186929468983,2.0637258427971,2.0540923084447584
150,,,,no_attached_run,3,linear,nan,nan,nan,nan,nan,nan,nan,nan,nan,nan,nan,nan,nan,nan,nan,nan,nan,nan,nan,nan,nan,nan,nan,nan,nan,nan,nan,nan,nan,nan,nan
151,395,395,395,ok,3,linear,64.14812803268433,64.14812803268433,64.14812803268433,90.47462093373126,90.47462093373126,2.155486433596163,2.155486433596163,98.0,98.0,2.334772650190449,2.334772650190449,82.0,82.0,1.953585278730784,1.953585278730784,99.7004165649414,99.7004165649414,2.3752837327389793,2.3752837327389793,83.65983581542969,83.65983581542969,1.9931295569519245,1.9931295569519245,97.25062818080104,97.25062818080104,2.316919458065049,2.316919458065049,93.86262455726614,93.86262455726614,2.236202945830606,2.236202945830606
152,397,424,,no_detach_found,3,linear,67.82034039497375,nan,67.82034039497375,67.5992361351406,63.16935632105833,1.6104984459397162,1.5049600558014504,74.0,70.53697204589878,1.7629915930009512,1.680487685306252,58.0,65.5869178771975,1.381804221541286,1.5625565517343645,83.05851745605469,73.19846343994152,1.9788036216506375,1.7438956170973565,56.1191635131836,62.56998570760118,1.3369947767566002,1.4906805240093317,75.79750677560489,121.73969761280568,1.8058157731868116,2.900352208457492,71.69837145537275,92.45452696693155,1.708157109563264,2.2026561321294604
153,398,398,,no_detach_found,3,linear,84.04977321624756,nan,84.04977321624756,19.802974013476614,19.802974013476614,0.4717902257050754,0.4717902257050754,21.0,21.0,0.5003084250408105,0.5003084250408105,18.0,18.0,0.42883579289212326,0.42883579289212326,21.40303039550781,21.40303039550781,0.5099103061084337,0.5099103061084337,18.50767707824707,18.50767707824707,0.440930798580081,0.440930798580081,21.098938682472532,21.098938682472532,0.5026655610600221,0.5026655610600221,20.450956347974575,20.450956347974575,0.4872278933825488,0.4872278933825488
154,403,412,,no_detach_found,3,linear,96.56309485435486,nan,96.56309485435486,61.92735670721228,64.11716406512369,1.4753703952917072,1.5275408272145372,69.0,73.3044128417971,1.6438705394198059,1.7464197779724224,53.0,53.9618275960288,1.2626831679601407,1.2855979512806148,70.53704071044922,75.84799957275436,1.6804893211849705,1.8070187242257525,54.61422729492188,54.57196172078443,1.301140859178248,1.300133915233955,66.55714981564361,69.90096533067913,1.5856715618795203,1.6653353273059224,64.24225326142795,67.00906469790107,1.5305209785856138,1.5964380772602218
155,413,415,415,ok,3,linear,77.24695205688477,77.24695205688477,77.24695205688477,114.87875295797723,125.33366238626331,2.7368956172884733,2.985975582527051,131.0,125.66666158040243,3.1209716038260082,2.993909025496556,99.0,122.66666158040607,2.358596860906678,2.9224363933479554,136.62872314453125,142.3540522257481,3.2550714900846365,3.3914729365353007,98.68766784667967,115.45909118652526,2.351155793872521,2.7507217175320844,126.54838899766402,140.11894687176846,3.0149154852796722,3.338223315609118,120.71357097782062,132.72630462901452,2.8759055512840725,3.162099449068052
156,,,,no_frames,3,linear,nan,nan,nan,nan,nan,nan,nan,nan,nan,nan,nan,nan,nan,nan,nan,nan,nan,nan,nan,nan,nan,nan,nan,nan,nan,nan,nan,nan,nan,nan,nan
157,,,,no_attached_run,3,linear,nan,nan,nan,nan,nan,nan,nan,nan,nan,nan,nan,nan,nan,nan,nan,nan,nan,nan,nan,nan,nan,nan,nan,nan,nan,nan,nan,nan,nan,nan,nan
158,421,471,,no_detach_found,3,linear,63.72138261795044,nan,63.72138261795044,121.77088214341599,105.29028499768754,2.9010951552858386,2.5084579361567205,123.0,121.4608957391037,2.9303779180961755,2.8937099738703362,123.0,94.04320325349477,2.9303779180961755,2.2405050907404185,127.94808197021484,127.58020240382143,3.048262065595748,3.0394976252877965,124.02576446533205,94.83490331549353,2.9548159468634663,2.259366719841529,137.16572298465704,127.26085895242628,3.2678650874303745,3.0318895196109104,129.46830256403652,116.275571975057,3.084480121358107,2.770173727883818
159,425,428,,no_detach_found,3,linear,97.188401222229,nan,97.188401222229,38.14856222234714,38.15499124540747,0.9088593849063742,0.9090125513064631,44.0,46.33333333333303,1.0482652715140792,1.1038550965186065,30.0,29.333333333333258,0.7147263214868721,0.6988435143427176,46.27499008178711,47.683678944905296,1.1024651145999065,1.1360260149084394,31.72471046447754,30.550872802734375,0.7558161870170703,0.7278504312170556,41.32955287341315,42.01766258337284,0.9846439764637256,1.0010376471896885,39.739057547880144,40.086326914391066,0.9467516806850499,0.9550250992480974
160,444,444,444,ok,3,linear,64.25714492797852,64.25714492797852,64.25714492797852,94.00827452946237,79.95689381061665,2.239672941459022,1.904909886359283,102.0,81.32199651544744,2.4300694930553655,1.937432380848466,92.0,80.38126997514203,2.1918273858930744,1.915020313525881,106.62425231933594,94.40478030118078,2.5402386547162354,2.249119378514642,88.6095199584961,68.2368094704367,2.1110518749551166,1.6256881274268593,106.0220864691252,87.65650173835931,2.5258925286146976,2.0883469680621722,100.01518049929379,83.80669777448796,2.38278273503686,1.996628427210727
161,,,,no_attached_run,3,linear,nan,nan,nan,nan,nan,nan,nan,nan,nan,nan,nan,nan,nan,nan,nan,nan,nan,nan,nan,nan,nan,nan,nan,nan,nan,nan,nan,nan,nan,nan,nan
162,435,443,,no_detach_found,3,linear,89.91552591323853,nan,89.91552591323853,43.948883823861124,45.001878831202816,1.0470474689627387,1.0721342439007844,48.0,51.66666666666674,1.1435621143789954,1.230917553671837,38.0,36.33333333333334,0.9053200072167047,0.8656129893563231,49.95484924316406,54.96059799194359,1.1901348546665969,1.3093928676500204,38.90644073486328,37.0356419881185,0.9269152422858611,0.882344938735756,47.10437392189256,48.87484445860946,1.122224529971214,1.1644045931048326,45.52662887287684,46.938361644906195,1.0846359994669763,1.1182694185028097
163,435,444,,no_detach_found,3,linear,83.71222615242004,nan,83.71222615242004,53.95021407987722,53.46455840943706,1.2853212684246633,1.2737509053965654,56.0,58.94008127848312,1.334155800108828,1.40420091601025,49.0,49.39445241292344,1.1673863250952246,1.1767838424982375,58.06925582885742,57.982775370279796,1.3834541870013124,1.381393858333323,51.38197708129883,49.64194997151708,1.224135049001316,1.1826802764859246,58.82722635289028,57.99165127768782,1.4015122364825618,1.3816053198217095,56.388720216383746,55.72810484356245,1.3434167524536125,1.3276781126091377
164,,,,no_attached_run,3,linear,nan,nan,nan,nan,nan,nan,nan,nan,nan,nan,nan,nan,nan,nan,nan,nan,nan,nan,nan,nan,nan,nan,nan,nan,nan,nan,nan,nan,nan,nan,nan
165,,,,no_attached_run,3,linear,nan,nan,nan,nan,nan,nan,nan,nan,nan,nan,nan,nan,nan,nan,nan,nan,nan,nan,nan,nan,nan,nan,nan,nan,nan,nan,nan,nan,nan,nan,nan
166,,,,no_attached_run,3,linear,nan,nan,nan,nan,nan,nan,nan,nan,nan,nan,nan,nan,nan,nan,nan,nan,nan,nan,nan,nan,nan,nan,nan,nan,nan,nan,nan,nan,nan,nan,nan
167,449,474,,no_detach_found,3,linear,98.617285490036,nan,98.617285490036,84.92130934800736,83.95358305787119,2.023183168205001,2.000127853153162,86.0,88.73808797200502,2.0488821215957,2.11411490640032,81.0,76.63251241048181,1.9297610680145547,1.825709123381358,86.59783172607422,87.05512491861973,2.063124990610539,2.0740196399888404,83.59030151367188,81.24398295084637,1.9914729570948406,1.9355737692466861,90.27980249397459,89.01722688564496,2.1508450380359934,2.120765170697977,87.60055592099097,86.4854049717581,2.087014103120497,2.06044651192557
168,461,474,,no_detach_found,3,linear,98.71139526367188,nan,98.71139526367188,76.73807981960539,76.07537814946136,1.8282241835810846,1.812435839349576,89.0,92.3333333333328,2.120354753744387,2.1997687894651383,63.0,61.999999999999886,1.5009252751224316,1.4771010644061997,92.26457214355467,94.25202433268214,2.1981306083907657,2.245480088132969,64.060546875,61.619981129964174,1.5261919673468698,1.4680474147703255,83.1545069943719,83.83195276792571,1.9810904966380602,1.997230107496025,79.94629340698864,79.95366545869365,1.9046573401095723,1.9048329734228033
169,,,,no_attached_run,3,linear,nan,nan,nan,nan,nan,nan,nan,nan,nan,nan,nan,nan,nan,nan,nan,nan,nan,nan,nan,nan,nan,nan,nan,nan,nan,nan,nan,nan,nan,nan,nan
170,451,461,472,ok,3,linear,98.10519218444824,70.39625644683838,84.25072431564331,46.946540361740894,61.18018006925956,1.118464269976068,1.457569501626878,49.0,54.66666666666629,1.1673863250952246,1.3023901858205136,45.0,83.66666666666379,1.0720894822303082,1.993292296591097,49.31707382202149,43.51998138427797,1.1749403586436646,1.0368292068654048,45.01105880737305,76.02442296345794,1.0723529495874338,1.811221872261146,49.959792636915324,62.769108460442794,1.1902526271209803,1.495424466431426,48.453166499328105,61.97464426485112,1.154358448548524,1.4764969840291506
171,,,,no_attached_run,3,linear,nan,nan,nan,nan,nan,nan,nan,nan,nan,nan,nan,nan,nan,nan,nan,nan,nan,nan,nan,nan,nan,nan,nan,nan,nan,nan,nan,nan,nan,nan,nan
172,,,,no_frames,3,linear,nan,nan,nan,nan,nan,nan,nan,nan,nan,nan,nan,nan,nan,nan,nan,nan,nan,nan,nan,nan,nan,nan,nan,nan,nan,nan,nan,nan,nan,nan,nan
173,,,,no_attached_run,3,linear,nan,nan,nan,nan,nan,nan,nan,nan,nan,nan,nan,nan,nan,nan,nan,nan,nan,nan,nan,nan,nan,nan,nan,nan,nan,nan,nan,nan,nan,nan,nan
174,,,,no_attached_run,3,linear,nan,nan,nan,nan,nan,nan,nan,nan,nan,nan,nan,nan,nan,nan,nan,nan,nan,nan,nan,nan,nan,nan,nan,nan,nan,nan,nan,nan,nan,nan,nan
175,,,,no_attached_run,3,linear,nan,nan,nan,nan,nan,nan,nan,nan,nan,nan,nan,nan,nan,nan,nan,nan,nan,nan,nan,nan,nan,nan,nan,nan,nan,nan,nan,nan,nan,nan,nan
176,464,464,,no_detach_found,3,linear,67.66415238380432,nan,67.66415238380432,111.08662236098998,111.08662236098998,2.6465510988823895,2.6465510988823895,142.37094116210938,142.37094116210938,3.3918753021139447,3.3918753021139447,97.6270980834961,97.6270980834961,2.3258885563551743,2.3258885563551743,142.6370391845703,142.6370391845703,3.398214877472226,3.398214877472226,91.6860580444336,91.6860580444336,2.1843479665909955,2.1843479665909955,130.83151707019817,130.83151707019817,3.116957631004322,3.116957631004322,120.95906971559407,120.95906971559407,2.8817543649433555,2.8817543649433555
177,467,472,473,ok,3,linear,52.8172492980957,53.27602028846741,53.046634793281555,32.99423905394037,35.300673962046176,0.7860617036427099,0.841010694896689,33.0,35.333333333333485,0.7861989536355594,0.8417887786400975,32.0,34.33333333333303,0.7623747429193303,0.8179645679238575,33.20680618286133,35.357199350992914,0.7911259477134667,0.8423573676737729,32.827571868896484,35.263537089030024,0.7820909895067436,0.8401259382086104,34.66766681213914,37.14132809120633,0.8259297991724242,0.8848628267254978,33.830952933039754,36.22100102662603,0.8059957514075671,0.8629367608110879
